resize_percentage,distance
0.5,8.183639064042829e+18
0.6,3.4503622135414784e+18
0.7,5.867213472649733e+18
0.8,6.105652068071289e+18
